Name	Reference name	Iteration	Number samples	Number features (all)	Number features (no unknown)	Number cores	Reference length	Analysis runtime	Analysis memory (max)	Analysis memory (max/process)	Analysis disk uage	Index runtime	Index memory (max)	Index memory (max/process)	Index size	Tree runtime	Tree memory (max)	Tree memory (max/process)	Total runtime	Max memory
case-100	NC_045512	1	100	16953	769	32	29903	188.86	2553348096.0	652947456.0	3780866048.0	12.94	6264758272.0	344752128.0	4378624.0	13.86	301568000.0	251985920.0	215.66000000000003	6264758272.0
case-100	NC_045512	2	100	16953	769	32	29903	172.24	3252080640.0	653422592.0	3780878336.0	12.53	6258020352.0	345645056.0	4374528.0	15.14	302026752.0	252325888.0	199.91000000000003	6258020352.0
case-100	NC_045512	3	100	16953	769	32	29903	175.15	3206930432.0	655081472.0	3780874240.0	12.6	6256128000.0	344195072.0	4374528.0	14.74	302104576.0	252293120.0	202.49	6256128000.0
