Name	Reference name	Iteration	Number samples	Number features (all)	Number features (no unknown)	Number cores	Reference length	Analysis runtime	Analysis memory (max)	Analysis memory (max/process)	Analysis disk uage	Index runtime	Index memory (max)	Index memory (max/process)	Index size	Tree runtime	Tree memory (max)	Tree memory (max/process)	Total runtime	Max memory
case-200	NC_045512	1	200	26287	1237	32	29903	194.23	2385014784.0	653377536.0	3799629824.0	20.23	6366158848.0	429748224.0	7569408.0	29.09	397565952.0	255471616.0	243.54999999999998	6366158848.0
case-200	NC_045512	2	200	26287	1237	32	29903	194.46	2416500736.0	659173376.0	3799646208.0	20.4	6548414464.0	430993408.0	7557120.0	28.77	397672448.0	255610880.0	243.63000000000002	6548414464.0
case-200	NC_045512	3	200	26287	1237	32	29903	191.93	2501505024.0	659042304.0	3799617536.0	20.73	6378291200.0	429441024.0	7553024.0	27.2	398217216.0	256053248.0	239.85999999999999	6378291200.0
