Name	Iteration	Number samples	Number cores	Reference length	Analysis runtime	Analysis memory (max)	Analysis memory (max/process)	Analysis disk uage	Index runtime	Index memory (max)	Index memory (max/process)	Index size	Tree runtime	Tree memory (max)	Tree memory (max/process)	Total runtime	Max memory
unset assemblies	1	59	32	10834	93.19	1213431808.0	373661696.0	2082590720.0	5.3	5780230144.0	237645824.0	1064960.0	2.7800000000000002	218537984.0	218537984.0	101.27	5780230144.0
unset assemblies	2	59	32	10834	92.77	1278242816.0	369811456.0	2082598912.0	5.29	5780475904.0	238088192.0	1069056.0	2.76	219455488.0	219455488.0	100.82000000000001	5780475904.0
unset assemblies	3	59	32	10834	91.7	1157828608.0	369258496.0	2082582528.0	4.95	5770764288.0	237805568.0	1060864.0	2.68	218931200.0	218931200.0	99.33000000000001	5770764288.0
