Name	Iteration	Number samples	Number features (all)	Number features (no unknown)	Number cores	Reference length	Analysis runtime	Analysis memory (max)	Analysis memory (max/process)	Analysis disk uage	Index runtime	Index memory (max)	Index memory (max/process)	Index size	Tree runtime	Tree memory (max)	Tree memory (max/process)	Total runtime	Max memory
unset assemblies	1	59	1426	1350	32	19699	108.24	1385226240.0	394981376.0	2289430528.0	6.96	5968805888.0	257548288.0	1368064.0	88.17	256548864.0	236875776.0	203.37	5968805888.0
unset assemblies	2	59	1426	1350	32	19699	106.82	1346465792.0	395128832.0	2289430528.0	6.65	5973008384.0	257007616.0	1368064.0	83.24	256704512.0	236888064.0	196.70999999999998	5973008384.0
unset assemblies	3	59	1426	1350	32	19699	107.37	1329537024.0	405757952.0	2289434624.0	6.9399999999999995	5972365312.0	256950272.0	1368064.0	84.62	256462848.0	236888064.0	198.93	5972365312.0
