Name	Iteration	Number samples	Number cores	Reference length	Analysis runtime	Analysis memory (max)	Analysis memory (max/process)	Analysis disk uage	Index runtime	Index memory (max)	Index memory (max/process)	Index size	Tree runtime	Tree memory (max)	Tree memory (max/process)	Total runtime	Max memory
unset reads	1	59	32	10834	100.82	2778574848.0	386371584.0	3270447104.0	5.8100000000000005	5790167040.0	258936832.0	1429504.0	2.83	218873856.0	218873856.0	109.46	5790167040.0
unset reads	2	59	32	10834	101.36	2812485632.0	391815168.0	3270447104.0	5.63	5785165824.0	258347008.0	1433600.0	3.05	218939392.0	218939392.0	110.03999999999999	5785165824.0
unset reads	3	59	32	10834	103.63	2619899904.0	383447040.0	3270447104.0	5.6	5793992704.0	258801664.0	1421312.0	2.98	218488832.0	218488832.0	112.21	5793992704.0
