Name	True Positives	True Negatives	False Positives	False Negatives	Sensitivity	Specificity	Precision	F1 Score
unset reads	8583		600	1526	0.8490454050845782	~1 (not calculated)	0.9346618752041816	0.889798880364918
unset assemblies	10026		0	83	0.9917894945098427	~1 (not calculated)	1.0	0.9958778246833871
