Name	True Positives	True Negatives	False Positives	False Negatives	Sensitivity	Specificity	Precision	F1 Score
unset reads	6790		321	10142	0.40101582801795416	~1 (not calculated)	0.9548586696667135	0.564821361726906
unset assemblies	16762		0	170	0.9899598393574297	~1 (not calculated)	1.0	0.9949545913218971
