Name	Iteration	Number samples	Number cores	Reference length	Analysis runtime	Analysis memory (max)	Analysis memory (max/process)	Analysis disk uage	Index runtime	Index memory (max)	Index memory (max/process)	Index size	Tree runtime	Tree memory (max)	Tree memory (max/process)	Total runtime	Max memory
case-10	1	10	32	29903	142.47	1397399552.0	378494976.0	3452022784.0	4.6899999999999995	5395529728.0	234131456.0	733184.0	94.98	243421184.0	220405760.0	242.14	5395529728.0
case-10	2	10	32	29903	141.78	1360519168.0	378294272.0	3452047360.0	4.9399999999999995	5395406848.0	234168320.0	733184.0	93.93	243847168.0	220221440.0	240.65	5395406848.0
case-10	3	10	32	29903	142.6	1387724800.0	377995264.0	3452047360.0	4.58	5395202048.0	233971712.0	733184.0	115.2	244326400.0	220803072.0	262.38	5395202048.0
