Name	Iteration	Number samples	Number cores	Reference length	Analysis runtime	Analysis memory (max)	Analysis memory (max/process)	Analysis disk uage	Index runtime	Index memory (max)	Index memory (max/process)	Index size	Tree runtime	Tree memory (max)	Tree memory (max/process)	Total runtime	Max memory
case-500	1	500	32	29903	270.92	1193914368.0	377585664.0	3542257664.0	38.49	5978259456.0	551124992.0	13217792.0	24.43	286121984.0	238194688.0	333.84000000000003	5978259456.0
case-500	2	500	32	29903	266.85	1284407296.0	377982976.0	3542269952.0	38.72	6126125056.0	559022080.0	13217792.0	23.93	285667328.0	237785088.0	329.50000000000006	6126125056.0
case-500	3	500	32	29903	283.1	1239056384.0	376061952.0	3542249472.0	37.05	5971152896.0	565698560.0	13197312.0	25.28	286334976.0	238297088.0	345.43000000000006	5971152896.0
