Name	Iteration	Number samples	Number features (all)	Number features (no unknown)	Number cores	Reference length	Analysis runtime	Analysis memory (max)	Analysis memory (max/process)	Analysis disk uage	Index runtime	Index memory (max)	Index memory (max/process)	Index size	Tree runtime	Tree memory (max)	Tree memory (max/process)	Total runtime	Max memory
cov-30 reads	1	59	3412	1313	32	19699	100.14	2528198656.0	399691776.0	3290533888.0	7.72	5798739968.0	279187456.0	2191360.0	94.68	258961408.0	223227904.0	202.54000000000002	5798739968.0
cov-30 reads	2	59	3412	1313	32	19699	98.54	2719236096.0	395915264.0	3290529792.0	7.87	5812494336.0	279060480.0	2187264.0	93.79	259379200.0	223318016.0	200.20000000000002	5812494336.0
cov-30 reads	3	59	3412	1313	32	19699	106.38	2716041216.0	399192064.0	3290529792.0	7.62	5815545856.0	279048192.0	2187264.0	111.72	258572288.0	222818304.0	225.72	5815545856.0
