Name	Iteration	Number samples	Number cores	Reference length	Analysis runtime	Analysis memory (max)	Analysis memory (max/process)	Analysis disk uage	Index runtime	Index memory (max)	Index memory (max/process)	Index size	Tree runtime	Tree memory (max)	Tree memory (max/process)	Total runtime	Max memory
cov-20 assemblies	1	59	32	10834	91.54	1297506304.0	368082944.0	2082598912.0	5.07	5770403840.0	237883392.0	1064960.0	88.8	240889856.0	224014336.0	185.41000000000003	5770403840.0
cov-20 assemblies	2	59	32	10834	90.29	1229287424.0	361959424.0	2082607104.0	5.2	5770788864.0	237543424.0	1064960.0	88.56	241541120.0	224296960.0	184.05	5770788864.0
cov-20 assemblies	3	59	32	10834	93.1	1119715328.0	371875840.0	2082598912.0	5.27	5777289216.0	238166016.0	1064960.0	88.9	240656384.0	223862784.0	187.26999999999998	5777289216.0
