Name	Iteration	Number samples	Number cores	Reference length	Analysis runtime	Analysis memory (max)	Analysis memory (max/process)	Analysis disk uage	Index runtime	Index memory (max)	Index memory (max/process)	Index size	Tree runtime	Tree memory (max)	Tree memory (max/process)	Total runtime	Max memory
cov-5 assemblies	1	59	32	10834	94.96	1219448832.0	374239232.0	2082598912.0	5.23	5778386944.0	238268416.0	1060864.0	86.98	241152000.0	224022528.0	187.17000000000002	5778386944.0
cov-5 assemblies	2	59	32	10834	91.52	1168846848.0	364924928.0	2082594816.0	5.02	5780570112.0	238161920.0	1060864.0	96.98	241541120.0	223821824.0	193.51999999999998	5780570112.0
cov-5 assemblies	3	59	32	10834	95.62	1435836416.0	379072512.0	2082598912.0	5.88	5796245504.0	238166016.0	1064960.0	92.2	240570368.0	224112640.0	193.7	5796245504.0
